{
  "timestamp": "2025-10-18T07:52:58.586587",
  "source": "walk_forward_optimization_20251017",
  "score": -999.8318730168896,
  "notes": "Walk-forward validated parameters with 100% consistency across 4 OOS periods",
  "parameters": {
    "swing_len": 3,
    "rr_percentile": 0.1278554501836069,
    "disp_mult": 1.3107139215624644,
    "sweep_wick_mult": 0.6490576952390765,
    "atr_len": 41,
    "stop_atr_mult": 0.0549414233732278,
    "target_r": 2.862429365474845,
    "time_stop_bars": 8,
    "funding_avoid_bars": 1,
    "min_volatility_rank": 0.3052228633363352,
    "session_strength": 1.9322268126535338,
    "volume_filter": 1.8994566274211397,
    "trend_filter_len": 13
  }
}