{
  "timestamp": "2025-10-18T14:33:45.176354",
  "source": "advanced_optimization_20251018_143345",
  "score": 0.6882715689684908,
  "notes": "Advanced optimization pipeline with statistical validation",
  "parameters": {
    "target_r": 2.5359670425591534,
    "stop_atr_mult": 0.07335463856655287,
    "swing_len": 5.488024575155188,
    "rr_percentile": 0.16769903572042225,
    "atr_len": 13.843494815627295,
    "session_strength": 1.3973350378966891,
    "volume_filter": 1.520502370273629
  }
}